{
  "metrics": {
    "window": {
      "precision": 0.9403669724770642,
      "recall": 0.4418103448275862,
      "f1": 0.6011730205278593,
      "accuracy": 0.8244028405422853
    },
    "sensor": {
      "precision": 0.6096938775510204,
      "recall": 0.4578544061302682,
      "f1": 0.5229759299781181
    },
    "fault_type": {
      "accuracy": 0.5452586206896551,
      "n": 464
    },
    "bertscore": {
      "precision": 0.8371070623397827,
      "recall": 0.8813377618789673,
      "f1": 0.8585391044616699
    }
  },
  "num_windows": 1549
}