{
  "metrics": {
    "window": {
      "precision": 0.9847328244274809,
      "recall": 0.27801724137931033,
      "f1": 0.4336134453781513,
      "accuracy": 0.7824402840542285
    },
    "sensor": {
      "precision": 0.7288135593220338,
      "recall": 0.2471264367816092,
      "f1": 0.36909871244635195
    },
    "fault_type": {
      "accuracy": 0.5495689655172413,
      "n": 464
    },
    "bertscore": {
      "precision": 0.8418704867362976,
      "recall": 0.8915582299232483,
      "f1": 0.865892767906189
    }
  },
  "num_windows": 1549
}