{
  "metrics": {
    "window": {
      "precision": 0.7251356238698011,
      "recall": 0.8642241379310345,
      "f1": 0.7885939036381514,
      "accuracy": 0.8612007746933505
    },
    "sensor": {
      "precision": 0.5962643678160919,
      "recall": 0.7950191570881227,
      "f1": 0.6814449917898193
    },
    "fault_type": {
      "accuracy": 0.0,
      "n": 464
    },
    "bertscore": {
      "precision": null,
      "recall": null,
      "f1": null
    }
  },
  "num_windows": 1549
}