{
  "metrics": {
    "window": {
      "precision": 1.0,
      "recall": 0.26993865030674846,
      "f1": 0.4251207729468599,
      "accuracy": 0.7983050847457627
    },
    "sensor": {
      "precision": 1.0,
      "recall": 0.23783783783783785,
      "f1": 0.38427947598253276
    },
    "fault_type": {
      "accuracy": 0.6012269938650306,
      "n": 163
    },
    "bertscore": {
      "precision": 0.8438400626182556,
      "recall": 0.8995669484138489,
      "f1": 0.8707832098007202
    }
  },
  "num_windows": 590
}