{
  "metrics": {
    "window": {
      "precision": 0.9150943396226415,
      "recall": 0.5950920245398773,
      "f1": 0.7211895910780669,
      "accuracy": 0.8728813559322034
    },
    "sensor": {
      "precision": 0.581151832460733,
      "recall": 0.6,
      "f1": 0.5904255319148937
    },
    "fault_type": {
      "accuracy": 0.6932515337423313,
      "n": 163
    },
    "bertscore": {
      "precision": 0.8407444953918457,
      "recall": 0.8886538743972778,
      "f1": 0.8639464378356934
    }
  },
  "num_windows": 590
}